<?xml version="1.0" encoding="UTF-8"?>
<beans xmlns="http://www.springframework.org/schema/beans"
	xmlns:xsi="http://www.w3.org/2001/XMLSchema-instance"
	xsi:schemaLocation="http://www.springframework.org/schema/beans https://www.springframework.org/schema/beans/spring-beans.xsd">
	
	<!-- Root Context: defines shared resources visible to all other web components -->
	<!-- DataSource 설정 -->
	<bean id="dataSource" class="org.apache.commons.dbcp2.BasicDataSource" destroy-method="close">
	    <property name="driverClassName" value="org.postgresql.Driver" />
	    <property name="url" value="jdbc:postgresql://db.vzamkqsjcnyvypefisbc.supabase.co:5432/postgres?sslmode=require" />
	    <property name="username" value="postgres" />
	    <property name="password" value="cspi1234!acroom11!" />
	</bean>
	
	<!-- 데이터베이스와 연결을 맺고 끊어질 때까지의 
	라이프 사이클을 관리해주는 sqlSession 객체를 생성
	1) dataSource
	2) 매퍼 xml의 위치 지정. / : src/main/resources/
	 -->
	<bean id="sqlSessionFactory"
	class="org.mybatis.spring.SqlSessionFactoryBean">
		<property name="dataSource" ref="dataSource"></property>
		<property name="mapperLocations"
		value="classpath:/sqlmap/**/*_SQL.xml" />
		<property name="configLocation"
		 value="/WEB-INF/mybatisAlias/mybatisAlias.xml" />
	</bean>
	
	<!-- 데이터베이스에 개별적으로 쿼리를 실행시키는 객체.
		이 객체를 통해 query를 실행함
	 -->
	<bean id="sqlSessionTemplate"
	class="org.mybatis.spring.SqlSessionTemplate">
		<constructor-arg index="0" ref="sqlSessionFactory" />
	</bean>
	
	<!-- 파일업로드 설정
	CommonsMultipartResolver multipartResolver = new multipartResolver();
	multipartResolver.setMaxUploadSize(10485760);
	multipartResolver.setDefaultEncoding("UTF-8");
	 -->
	<bean id="multipartResolver" class="org.springframework.web.multipart.commons.CommonsMultipartResolver">
		<!-- 파일업로드 용량 (20MB)-->
		<property name="maxUploadSize" value="20971520"/>
		<property name="defaultEncoding" value="UTF-8" />
	</bean>	
	<!-- 파일업로드 디렉토리 설정 -->
	<bean id="uploadPath" class="java.lang.String">
		<constructor-arg value="c:\\upload"/>
	</bean>
	
	<!-- 트랜잭션 관리자의 빈을 정의 -->
	<bean id="transactionManager" 
		class="org.springframework.jdbc.datasource.DataSourceTransactionManager">
		<property name="dataSource" ref="dataSource"></property>
	</bean>
	
	<!-- Mapper 인터페이스 설정 
	개발자가 직접 DAO를 설정하지 않아도
	자동으로 Mapper 인터페이스를 활용하는 객체를 생성하게 됨
	-->
	<bean class="org.mybatis.spring.mapper.MapperScannerConfigurer">
		<property name="basePackage" value="kr.or.cspi.mapper" />
	</bean>
</beans>
